genome_acc,annotation,genomePath,taxon,chrom_file,split,dataset_name
GCF_028885625.2,data/annotations/GCF_028885625.2_NHGRI_mPonPyg2-v2.0_pri_genomic.gtf,data/genomes/Pongo_pygmaeus.fasta,Mammalia,/workspace-SR003.nfs2/estsoi/TSSprediction/GENA_LM/downstream_tasks/TSSprediction/data/chrom_files/Pongo_pygmaeus_train.csv,train,Pongo_pygmaeus
GCF_028885625.2,data/annotations/GCF_028885625.2_NHGRI_mPonPyg2-v2.0_pri_genomic.gtf,data/genomes/Pongo_pygmaeus.fasta,Mammalia,data/chrom_files/Pongo_pygmaeus_valid.csv,valid,Pongo_pygmaeus
GCF_037993035.2,data/annotations/GCF_037993035.2_T2T-MFA8v1.1_genomic.gtf,data/genomes/Macaca_fascicularis.fasta,Mammalia,/workspace-SR003.nfs2/estsoi/TSSprediction/GENA_LM/downstream_tasks/TSSprediction/data/chrom_files/Macaca_fascicularis_train.csv,train,Macaca_fascicularis
GCF_037993035.2,data/annotations/GCF_037993035.2_T2T-MFA8v1.1_genomic.gtf,data/genomes/Macaca_fascicularis.fasta,Mammalia,data/chrom_files/Macaca_fascicularis_valid.csv,valid,Macaca_fascicularis
GCF_963259705.1,data/annotations/GCF_963259705.1_mMyoDau2.1_genomic.gtf,data/genomes/Myotis_daubentonii.fasta,Mammalia,/workspace-SR003.nfs2/estsoi/TSSprediction/GENA_LM/downstream_tasks/TSSprediction/data/chrom_files/Myotis_daubentonii_train.csv,train,Myotis_daubentonii
GCF_963259705.1,data/annotations/GCF_963259705.1_mMyoDau2.1_genomic.gtf,data/genomes/Myotis_daubentonii.fasta,Mammalia,data/chrom_files/Myotis_daubentonii_valid.csv,valid,Myotis_daubentonii
GCA_039797435.1,data/annotations/GCA_039797435.1_Cadamanteus_3dDNAHiC_1.2_genomic.gtf,data/genomes/Crotalus_adamanteus.fasta,Lepidosauria,/workspace-SR003.nfs2/estsoi/TSSprediction/GENA_LM/downstream_tasks/TSSprediction/data/chrom_files/Crotalus_adamanteus_train.csv,train,Crotalus_adamanteus
GCA_039797435.1,data/annotations/GCA_039797435.1_Cadamanteus_3dDNAHiC_1.2_genomic.gtf,data/genomes/Crotalus_adamanteus.fasta,Lepidosauria,data/chrom_files/Crotalus_adamanteus_valid.csv,valid,Crotalus_adamanteus
GCF_017639785.1,data/annotations/GCF_017639785.1_BCM_Maur_2.0_genomic.gtf,data/genomes/Mesocricetus_auratus.fasta,Mammalia,/workspace-SR003.nfs2/estsoi/TSSprediction/GENA_LM/downstream_tasks/TSSprediction/data/chrom_files/Mesocricetus_auratus_train.csv,train,Mesocricetus_auratus
GCF_017639785.1,data/annotations/GCF_017639785.1_BCM_Maur_2.0_genomic.gtf,data/genomes/Mesocricetus_auratus.fasta,Mammalia,data/chrom_files/Mesocricetus_auratus_valid.csv,valid,Mesocricetus_auratus
GCF_028885655.2,data/annotations/GCF_028885655.2_NHGRI_mPonAbe1-v2.0_pri_genomic.gtf,data/genomes/Pongo_abelii.fasta,Mammalia,/workspace-SR003.nfs2/estsoi/TSSprediction/GENA_LM/downstream_tasks/TSSprediction/data/chrom_files/Pongo_abelii_train.csv,train,Pongo_abelii
GCF_028885655.2,data/annotations/GCF_028885655.2_NHGRI_mPonAbe1-v2.0_pri_genomic.gtf,data/genomes/Pongo_abelii.fasta,Mammalia,data/chrom_files/Pongo_abelii_valid.csv,valid,Pongo_abelii
GCF_964199755.1,data/annotations/GCF_964199755.1_bLarMic1.1_genomic.gtf,data/genomes/Larus_michahellis.fasta,Aves,/workspace-SR003.nfs2/estsoi/TSSprediction/GENA_LM/downstream_tasks/TSSprediction/data/chrom_files/Larus_michahellis_train.csv,train,Larus_michahellis
GCF_964199755.1,data/annotations/GCF_964199755.1_bLarMic1.1_genomic.gtf,data/genomes/Larus_michahellis.fasta,Aves,data/chrom_files/Larus_michahellis_valid.csv,valid,Larus_michahellis
GCF_014176215.1,data/annotations/GCF_014176215.1_mRouAeg1.p_genomic.gtf,data/genomes/Rousettus_aegyptiacus.fasta,Mammalia,/workspace-SR003.nfs2/estsoi/TSSprediction/GENA_LM/downstream_tasks/TSSprediction/data/chrom_files/Rousettus_aegyptiacus_train.csv,train,Rousettus_aegyptiacus
GCF_014176215.1,data/annotations/GCF_014176215.1_mRouAeg1.p_genomic.gtf,data/genomes/Rousettus_aegyptiacus.fasta,Mammalia,data/chrom_files/Rousettus_aegyptiacus_valid.csv,valid,Rousettus_aegyptiacus
GCF_043159975.1,data/annotations/GCF_043159975.1_mMacNem.hap1_genomic.gtf,data/genomes/Macaca_nemestrina.fasta,Mammalia,/workspace-SR003.nfs2/estsoi/TSSprediction/GENA_LM/downstream_tasks/TSSprediction/data/chrom_files/Macaca_nemestrina_train.csv,train,Macaca_nemestrina
GCF_043159975.1,data/annotations/GCF_043159975.1_mMacNem.hap1_genomic.gtf,data/genomes/Macaca_nemestrina.fasta,Mammalia,data/chrom_files/Macaca_nemestrina_valid.csv,valid,Macaca_nemestrina
GCF_017654675.1,data/annotations/GCF_017654675.1_Xenopus_laevis_v10.1_genomic.gtf,data/genomes/Xenopus_laevis.fasta,Amphibia,/workspace-SR003.nfs2/estsoi/TSSprediction/GENA_LM/downstream_tasks/TSSprediction/data/chrom_files/Xenopus_laevis_train.csv,train,Xenopus_laevis
GCF_017654675.1,data/annotations/GCF_017654675.1_Xenopus_laevis_v10.1_genomic.gtf,data/genomes/Xenopus_laevis.fasta,Amphibia,data/chrom_files/Xenopus_laevis_valid.csv,valid,Xenopus_laevis
GCF_002234675.1,data/annotations/GCF_002234675.1_ASM223467v1_genomic.gtf,data/genomes/Oryzias_latipes.fasta,Actinopteri,/workspace-SR003.nfs2/estsoi/TSSprediction/GENA_LM/downstream_tasks/TSSprediction/data/chrom_files/Oryzias_latipes_train.csv,train,Oryzias_latipes
GCF_002234675.1,data/annotations/GCF_002234675.1_ASM223467v1_genomic.gtf,data/genomes/Oryzias_latipes.fasta,Actinopteri,data/chrom_files/Oryzias_latipes_valid.csv,valid,Oryzias_latipes
GCF_028858775.2,data/annotations/GCF_028858775.2_NHGRI_mPanTro3-v2.0_pri_genomic.gtf,data/genomes/Pan_troglodytes.fasta,Mammalia,/workspace-SR003.nfs2/estsoi/TSSprediction/GENA_LM/downstream_tasks/TSSprediction/data/chrom_files/Pan_troglodytes_train.csv,train,Pan_troglodytes
GCF_028858775.2,data/annotations/GCF_028858775.2_NHGRI_mPanTro3-v2.0_pri_genomic.gtf,data/genomes/Pan_troglodytes.fasta,Mammalia,data/chrom_files/Pan_troglodytes_valid.csv,valid,Pan_troglodytes
GCF_001952655.1,data/annotations/GCF_001952655.1_M_albus_1.0_genomic.gtf,data/genomes/Monopterus_albus.fasta,Actinopteri,/workspace-SR003.nfs2/estsoi/TSSprediction/GENA_LM/downstream_tasks/TSSprediction/data/chrom_files/Monopterus_albus_train.csv,train,Monopterus_albus
GCF_001952655.1,data/annotations/GCF_001952655.1_M_albus_1.0_genomic.gtf,data/genomes/Monopterus_albus.fasta,Actinopteri,data/chrom_files/Monopterus_albus_valid.csv,valid,Monopterus_albus
GCF_018350175.1,data/annotations/GCF_018350175.1_F.catus_Fca126_mat1.0_genomic.gtf,data/genomes/Felis_catus.fasta,Mammalia,/workspace-SR003.nfs2/estsoi/TSSprediction/GENA_LM/downstream_tasks/TSSprediction/data/chrom_files/Felis_catus_train.csv,train,Felis_catus
GCF_018350175.1,data/annotations/GCF_018350175.1_F.catus_Fca126_mat1.0_genomic.gtf,data/genomes/Felis_catus.fasta,Mammalia,data/chrom_files/Felis_catus_valid.csv,valid,Felis_catus
GCF_029281585.2,data/annotations/GCF_029281585.2_NHGRI_mGorGor1-v2.1_pri_genomic.gtf,data/genomes/Gorilla_gorilla.fasta,Mammalia,/workspace-SR003.nfs2/estsoi/TSSprediction/GENA_LM/downstream_tasks/TSSprediction/data/chrom_files/Gorilla_gorilla_train.csv,train,Gorilla_gorilla
GCF_029281585.2,data/annotations/GCF_029281585.2_NHGRI_mGorGor1-v2.1_pri_genomic.gtf,data/genomes/Gorilla_gorilla.fasta,Mammalia,data/chrom_files/Gorilla_gorilla_valid.csv,valid,Gorilla_gorilla
GCF_043380555.1,data/annotations/GCF_043380555.1_NfurGRZ-RIMD1_genomic.gtf,data/genomes/Nothobranchius_furzeri.fasta,Actinopteri,/workspace-SR003.nfs2/estsoi/TSSprediction/GENA_LM/downstream_tasks/TSSprediction/data/chrom_files/Nothobranchius_furzeri_train.csv,train,Nothobranchius_furzeri
GCF_043380555.1,data/annotations/GCF_043380555.1_NfurGRZ-RIMD1_genomic.gtf,data/genomes/Nothobranchius_furzeri.fasta,Actinopteri,data/chrom_files/Nothobranchius_furzeri_valid.csv,valid,Nothobranchius_furzeri
GCF_028641065.1,data/annotations/GCF_028641065.1_Leri_hhj_1_genomic.gtf,data/genomes/Leucoraja_erinaceus.fasta,Chondrichthyes,/workspace-SR003.nfs2/estsoi/TSSprediction/GENA_LM/downstream_tasks/TSSprediction/data/chrom_files/Leucoraja_erinaceus_train.csv,train,Leucoraja_erinaceus
GCF_028641065.1,data/annotations/GCF_028641065.1_Leri_hhj_1_genomic.gtf,data/genomes/Leucoraja_erinaceus.fasta,Chondrichthyes,data/chrom_files/Leucoraja_erinaceus_valid.csv,valid,Leucoraja_erinaceus
GCF_016920845.1,data/annotations/GCF_016920845.1_GAculeatus_UGA_version5_genomic.gtf,data/genomes/Gasterosteus_aculeatus.fasta,Actinopteri,/workspace-SR003.nfs2/estsoi/TSSprediction/GENA_LM/downstream_tasks/TSSprediction/data/chrom_files/Gasterosteus_aculeatus_train.csv,train,Gasterosteus_aculeatus
GCF_016920845.1,data/annotations/GCF_016920845.1_GAculeatus_UGA_version5_genomic.gtf,data/genomes/Gasterosteus_aculeatus.fasta,Actinopteri,data/chrom_files/Gasterosteus_aculeatus_valid.csv,valid,Gasterosteus_aculeatus
GCF_047663525.1,data/annotations/GCF_047663525.1_IASCAAS_PekinDuck_T2T_genomic.gtf,data/genomes/Anas_platyrhynchos.fasta,Aves,/workspace-SR003.nfs2/estsoi/TSSprediction/GENA_LM/downstream_tasks/TSSprediction/data/chrom_files/Anas_platyrhynchos_train.csv,train,Anas_platyrhynchos
GCF_047663525.1,data/annotations/GCF_047663525.1_IASCAAS_PekinDuck_T2T_genomic.gtf,data/genomes/Anas_platyrhynchos.fasta,Aves,data/chrom_files/Anas_platyrhynchos_valid.csv,valid,Anas_platyrhynchos
GCF_036323735.1,data/annotations/GCF_036323735.1_GRCr8_genomic.gtf,data/genomes/Rattus_norvegicus.fasta,Mammalia,/workspace-SR003.nfs2/estsoi/TSSprediction/GENA_LM/downstream_tasks/TSSprediction/data/chrom_files/Rattus_norvegicus_train.csv,train,Rattus_norvegicus
GCF_036323735.1,data/annotations/GCF_036323735.1_GRCr8_genomic.gtf,data/genomes/Rattus_norvegicus.fasta,Mammalia,data/chrom_files/Rattus_norvegicus_valid.csv,valid,Rattus_norvegicus
GCF_049306965.1,data/annotations/GCF_049306965.1_GRCz12tu_genomic.gtf,data/genomes/Danio_rerio.fasta,Actinopteri,/workspace-SR003.nfs2/estsoi/TSSprediction/GENA_LM/downstream_tasks/TSSprediction/data/chrom_files/Danio_rerio_train.csv,train,Danio_rerio
GCF_049306965.1,data/annotations/GCF_049306965.1_GRCz12tu_genomic.gtf,data/genomes/Danio_rerio.fasta,Actinopteri,data/chrom_files/Danio_rerio_valid.csv,valid,Danio_rerio
GCF_963506605.1,data/annotations/GCF_963506605.1_rZooViv1.1_genomic.gtf,data/genomes/Zootoca_vivipara.fasta,Lepidosauria,/workspace-SR003.nfs2/estsoi/TSSprediction/GENA_LM/downstream_tasks/TSSprediction/data/chrom_files/Zootoca_vivipara_train.csv,train,Zootoca_vivipara
GCF_963506605.1,data/annotations/GCF_963506605.1_rZooViv1.1_genomic.gtf,data/genomes/Zootoca_vivipara.fasta,Lepidosauria,data/chrom_files/Zootoca_vivipara_valid.csv,valid,Zootoca_vivipara
GCA_040182925.1,data/annotations/GCA_040182925.1_ASM4018292v1_genomic.gtf,data/genomes/Culter_alburnus.fasta,Actinopteri,/workspace-SR003.nfs2/estsoi/TSSprediction/GENA_LM/downstream_tasks/TSSprediction/data/chrom_files/Culter_alburnus_train.csv,train,Culter_alburnus
GCA_040182925.1,data/annotations/GCA_040182925.1_ASM4018292v1_genomic.gtf,data/genomes/Culter_alburnus.fasta,Actinopteri,data/chrom_files/Culter_alburnus_valid.csv,valid,Culter_alburnus
GCF_020085105.1,data/annotations/GCF_020085105.1_ASM2008510v1_genomic.gtf,data/genomes/Siniperca_chuatsi.fasta,Actinopteri,/workspace-SR003.nfs2/estsoi/TSSprediction/GENA_LM/downstream_tasks/TSSprediction/data/chrom_files/Siniperca_chuatsi_train.csv,train,Siniperca_chuatsi
GCF_020085105.1,data/annotations/GCF_020085105.1_ASM2008510v1_genomic.gtf,data/genomes/Siniperca_chuatsi.fasta,Actinopteri,data/chrom_files/Siniperca_chuatsi_valid.csv,valid,Siniperca_chuatsi
GCF_029378745.1,data/annotations/GCF_029378745.1_NIAB-ARS_B.indTharparkar_mat_pri_1.0_genomic.gtf,data/genomes/Bos_indicus.fasta,Mammalia,/workspace-SR003.nfs2/estsoi/TSSprediction/GENA_LM/downstream_tasks/TSSprediction/data/chrom_files/Bos_indicus_train.csv,train,Bos_indicus
GCF_029378745.1,data/annotations/GCF_029378745.1_NIAB-ARS_B.indTharparkar_mat_pri_1.0_genomic.gtf,data/genomes/Bos_indicus.fasta,Mammalia,data/chrom_files/Bos_indicus_valid.csv,valid,Bos_indicus
GCF_029289425.2,data/annotations/GCF_029289425.2_NHGRI_mPanPan1-v2.0_pri_genomic.gtf,data/genomes/Pan_paniscus.fasta,Mammalia,/workspace-SR003.nfs2/estsoi/TSSprediction/GENA_LM/downstream_tasks/TSSprediction/data/chrom_files/Pan_paniscus_train.csv,train,Pan_paniscus
GCF_029289425.2,data/annotations/GCF_029289425.2_NHGRI_mPanPan1-v2.0_pri_genomic.gtf,data/genomes/Pan_paniscus.fasta,Mammalia,data/chrom_files/Pan_paniscus_valid.csv,valid,Pan_paniscus
GCA_014281875.1,data/annotations/GCA_014281875.1_ASM1428187v1_genomic.gtf,data/genomes/Nibea_albiflora.fasta,Actinopteri,/workspace-SR003.nfs2/estsoi/TSSprediction/GENA_LM/downstream_tasks/TSSprediction/data/chrom_files/Nibea_albiflora_train.csv,train,Nibea_albiflora
GCA_014281875.1,data/annotations/GCA_014281875.1_ASM1428187v1_genomic.gtf,data/genomes/Nibea_albiflora.fasta,Actinopteri,data/chrom_files/Nibea_albiflora_valid.csv,valid,Nibea_albiflora
GCF_023375975.1,data/annotations/GCF_023375975.1_AstMex3_surface_genomic.gtf,data/genomes/Astyanax_mexicanus.fasta,Actinopteri,/workspace-SR003.nfs2/estsoi/TSSprediction/GENA_LM/downstream_tasks/TSSprediction/data/chrom_files/Astyanax_mexicanus_train.csv,train,Astyanax_mexicanus
GCF_023375975.1,data/annotations/GCF_023375975.1_AstMex3_surface_genomic.gtf,data/genomes/Astyanax_mexicanus.fasta,Actinopteri,data/chrom_files/Astyanax_mexicanus_valid.csv,valid,Astyanax_mexicanus
GCF_964237555.1,data/annotations/GCF_964237555.1_mOryCun1.1_genomic.gtf,data/genomes/Oryctolagus_cuniculus.fasta,Mammalia,/workspace-SR003.nfs2/estsoi/TSSprediction/GENA_LM/downstream_tasks/TSSprediction/data/chrom_files/Oryctolagus_cuniculus_train.csv,train,Oryctolagus_cuniculus
GCF_964237555.1,data/annotations/GCF_964237555.1_mOryCun1.1_genomic.gtf,data/genomes/Oryctolagus_cuniculus.fasta,Mammalia,data/chrom_files/Oryctolagus_cuniculus_valid.csv,valid,Oryctolagus_cuniculus
GCF_905237075.1,data/annotations/GCF_905237075.1_dlabrax2021_genomic.gtf,data/genomes/Dicentrarchus_labrax.fasta,Actinopteri,/workspace-SR003.nfs2/estsoi/TSSprediction/GENA_LM/downstream_tasks/TSSprediction/data/chrom_files/Dicentrarchus_labrax_train.csv,train,Dicentrarchus_labrax
GCF_905237075.1,data/annotations/GCF_905237075.1_dlabrax2021_genomic.gtf,data/genomes/Dicentrarchus_labrax.fasta,Actinopteri,data/chrom_files/Dicentrarchus_labrax_valid.csv,valid,Dicentrarchus_labrax
GCF_001266775.1,data/annotations/GCF_001266775.1_Austrofundulus_limnaeus-1.0_genomic.gtf,data/genomes/Austrofundulus_limnaeus.fasta,Actinopteri,/workspace-SR003.nfs2/estsoi/TSSprediction/GENA_LM/downstream_tasks/TSSprediction/data/chrom_files/Austrofundulus_limnaeus_train.csv,train,Austrofundulus_limnaeus
GCF_001266775.1,data/annotations/GCF_001266775.1_Austrofundulus_limnaeus-1.0_genomic.gtf,data/genomes/Austrofundulus_limnaeus.fasta,Actinopteri,data/chrom_files/Austrofundulus_limnaeus_valid.csv,valid,Austrofundulus_limnaeus
GCF_905237065.1,data/annotations/GCF_905237065.1_Ssal_v3.1_genomic.gtf,data/genomes/Salmo_salar.fasta,Actinopteri,/workspace-SR003.nfs2/estsoi/TSSprediction/GENA_LM/downstream_tasks/TSSprediction/data/chrom_files/Salmo_salar_train.csv,train,Salmo_salar
GCF_905237065.1,data/annotations/GCF_905237065.1_Ssal_v3.1_genomic.gtf,data/genomes/Salmo_salar.fasta,Actinopteri,data/chrom_files/Salmo_salar_valid.csv,valid,Salmo_salar
GCF_003368295.1,data/annotations/GCF_003368295.1_ASM336829v1_genomic.gtf,data/genomes/Carassius_auratus.fasta,Actinopteri,/workspace-SR003.nfs2/estsoi/TSSprediction/GENA_LM/downstream_tasks/TSSprediction/data/chrom_files/Carassius_auratus_train.csv,train,Carassius_auratus
GCF_003368295.1,data/annotations/GCF_003368295.1_ASM336829v1_genomic.gtf,data/genomes/Carassius_auratus.fasta,Actinopteri,data/chrom_files/Carassius_auratus_valid.csv,valid,Carassius_auratus
GCF_040182565.1,data/annotations/GCF_040182565.1_Taihu_goose_T2T_genome_genomic.gtf,data/genomes/Anser_cygnoides.fasta,Aves,/workspace-SR003.nfs2/estsoi/TSSprediction/GENA_LM/downstream_tasks/TSSprediction/data/chrom_files/Anser_cygnoides_train.csv,train,Anser_cygnoides
GCF_040182565.1,data/annotations/GCF_040182565.1_Taihu_goose_T2T_genome_genomic.gtf,data/genomes/Anser_cygnoides.fasta,Aves,data/chrom_files/Anser_cygnoides_valid.csv,valid,Anser_cygnoides
GCF_008728515.1,data/annotations/GCF_008728515.1_Panubis1.0_genomic.gtf,data/genomes/Papio_anubis.fasta,Mammalia,/workspace-SR003.nfs2/estsoi/TSSprediction/GENA_LM/downstream_tasks/TSSprediction/data/chrom_files/Papio_anubis_train.csv,train,Papio_anubis
GCF_008728515.1,data/annotations/GCF_008728515.1_Panubis1.0_genomic.gtf,data/genomes/Papio_anubis.fasta,Mammalia,data/chrom_files/Papio_anubis_valid.csv,valid,Papio_anubis
GCF_016699485.2,data/annotations/GCF_016699485.2_bGalGal1.mat.broiler.GRCg7b_genomic.gtf,data/genomes/Gallus_gallus.fasta,Aves,/workspace-SR003.nfs2/estsoi/TSSprediction/GENA_LM/downstream_tasks/TSSprediction/data/chrom_files/Gallus_gallus_train.csv,train,Gallus_gallus
GCF_016699485.2,data/annotations/GCF_016699485.2_bGalGal1.mat.broiler.GRCg7b_genomic.gtf,data/genomes/Gallus_gallus.fasta,Aves,data/chrom_files/Gallus_gallus_valid.csv,valid,Gallus_gallus
GCF_040938575.1,data/annotations/GCF_040938575.1_UKY_AmexF1_1_genomic.gtf,data/genomes/Ambystoma_mexicanum.fasta,Amphibia,/workspace-SR003.nfs2/estsoi/TSSprediction/GENA_LM/downstream_tasks/TSSprediction/data/chrom_files/Ambystoma_mexicanum_train.csv,train,Ambystoma_mexicanum
GCF_040938575.1,data/annotations/GCF_040938575.1_UKY_AmexF1_1_genomic.gtf,data/genomes/Ambystoma_mexicanum.fasta,Amphibia,data/chrom_files/Ambystoma_mexicanum_valid.csv,valid,Ambystoma_mexicanum
GCF_963691925.1,data/annotations/GCF_963691925.1_fScoSco1.1_genomic.gtf,data/genomes/Scomber_scombrus.fasta,Actinopteri,/workspace-SR003.nfs2/estsoi/TSSprediction/GENA_LM/downstream_tasks/TSSprediction/data/chrom_files/Scomber_scombrus_train.csv,train,Scomber_scombrus
GCF_963691925.1,data/annotations/GCF_963691925.1_fScoSco1.1_genomic.gtf,data/genomes/Scomber_scombrus.fasta,Actinopteri,data/chrom_files/Scomber_scombrus_valid.csv,valid,Scomber_scombrus
GCF_929443795.1,data/annotations/GCF_929443795.1_bAccGen1.1_genomic.gtf,data/genomes/Astur_gentilis.fasta,Aves,/workspace-SR003.nfs2/estsoi/TSSprediction/GENA_LM/downstream_tasks/TSSprediction/data/chrom_files/Astur_gentilis_train.csv,train,Astur_gentilis
GCF_929443795.1,data/annotations/GCF_929443795.1_bAccGen1.1_genomic.gtf,data/genomes/Astur_gentilis.fasta,Aves,data/chrom_files/Astur_gentilis_valid.csv,valid,Astur_gentilis
GCF_016545835.1,data/annotations/GCF_016545835.1_ASM1654583v1_genomic.gtf,data/genomes/Crotalus_tigris.fasta,Lepidosauria,/workspace-SR003.nfs2/estsoi/TSSprediction/GENA_LM/downstream_tasks/TSSprediction/data/chrom_files/Crotalus_tigris_train.csv,train,Crotalus_tigris
GCF_016545835.1,data/annotations/GCF_016545835.1_ASM1654583v1_genomic.gtf,data/genomes/Crotalus_tigris.fasta,Lepidosauria,data/chrom_files/Crotalus_tigris_valid.csv,valid,Crotalus_tigris
GCF_021234435.1,data/annotations/GCF_021234435.1_CSHL_Jam_final_genomic.gtf,data/genomes/Artibeus_jamaicensis.fasta,Mammalia,/workspace-SR003.nfs2/estsoi/TSSprediction/GENA_LM/downstream_tasks/TSSprediction/data/chrom_files/Artibeus_jamaicensis_train.csv,train,Artibeus_jamaicensis
GCF_021234435.1,data/annotations/GCF_021234435.1_CSHL_Jam_final_genomic.gtf,data/genomes/Artibeus_jamaicensis.fasta,Mammalia,data/chrom_files/Artibeus_jamaicensis_valid.csv,valid,Artibeus_jamaicensis
GCF_000972845.2,data/annotations/GCF_000972845.2_L_crocea_2.0_genomic.gtf,data/genomes/Larimichthys_crocea.fasta,Actinopteri,/workspace-SR003.nfs2/estsoi/TSSprediction/GENA_LM/downstream_tasks/TSSprediction/data/chrom_files/Larimichthys_crocea_train.csv,train,Larimichthys_crocea
GCF_000972845.2,data/annotations/GCF_000972845.2_L_crocea_2.0_genomic.gtf,data/genomes/Larimichthys_crocea.fasta,Actinopteri,data/chrom_files/Larimichthys_crocea_valid.csv,valid,Larimichthys_crocea
GCF_000003025.6,data/annotations/GCF_000003025.6_Sscrofa11.1_genomic.gtf,data/genomes/Sus_scrofa.fasta,Mammalia,/workspace-SR003.nfs2/estsoi/TSSprediction/GENA_LM/downstream_tasks/TSSprediction/data/chrom_files/Sus_scrofa_train.csv,train,Sus_scrofa
GCF_000003025.6,data/annotations/GCF_000003025.6_Sscrofa11.1_genomic.gtf,data/genomes/Sus_scrofa.fasta,Mammalia,data/chrom_files/Sus_scrofa_valid.csv,valid,Sus_scrofa
GCF_034190915.1,data/annotations/GCF_034190915.1_mCavPor4.1_genomic.gtf,data/genomes/Cavia_porcellus.fasta,Mammalia,/workspace-SR003.nfs2/estsoi/TSSprediction/GENA_LM/downstream_tasks/TSSprediction/data/chrom_files/Cavia_porcellus_train.csv,train,Cavia_porcellus
GCF_034190915.1,data/annotations/GCF_034190915.1_mCavPor4.1_genomic.gtf,data/genomes/Cavia_porcellus.fasta,Mammalia,data/chrom_files/Cavia_porcellus_valid.csv,valid,Cavia_porcellus
GCF_030254825.1,data/annotations/GCF_030254825.1_Bangor_MerUng_6.1_genomic.gtf,data/genomes/Meriones_unguiculatus.fasta,Mammalia,/workspace-SR003.nfs2/estsoi/TSSprediction/GENA_LM/downstream_tasks/TSSprediction/data/chrom_files/Meriones_unguiculatus_train.csv,train,Meriones_unguiculatus
GCF_030254825.1,data/annotations/GCF_030254825.1_Bangor_MerUng_6.1_genomic.gtf,data/genomes/Meriones_unguiculatus.fasta,Mammalia,data/chrom_files/Meriones_unguiculatus_valid.csv,valid,Meriones_unguiculatus
GCF_003339765.1,data/annotations/GCF_003339765.1_Mmul_10_genomic.gtf,data/genomes/Macaca_mulatta.fasta,Mammalia,/workspace-SR003.nfs2/estsoi/TSSprediction/GENA_LM/downstream_tasks/TSSprediction/data/chrom_files/Macaca_mulatta_train.csv,train,Macaca_mulatta
GCF_003339765.1,data/annotations/GCF_003339765.1_Mmul_10_genomic.gtf,data/genomes/Macaca_mulatta.fasta,Mammalia,data/chrom_files/Macaca_mulatta_valid.csv,valid,Macaca_mulatta
GCF_028583685.1,data/annotations/GCF_028583685.1_PetGlider_PUasm1.0_genomic.gtf,data/genomes/Petaurus_breviceps.fasta,Mammalia,/workspace-SR003.nfs2/estsoi/TSSprediction/GENA_LM/downstream_tasks/TSSprediction/data/chrom_files/Petaurus_breviceps_train.csv,train,Petaurus_breviceps
GCF_028583685.1,data/annotations/GCF_028583685.1_PetGlider_PUasm1.0_genomic.gtf,data/genomes/Petaurus_breviceps.fasta,Mammalia,data/chrom_files/Petaurus_breviceps_valid.csv,valid,Petaurus_breviceps
GCF_047675955.1,data/annotations/GCF_047675955.1_mChlSab1.0.hap1_genomic.gtf,data/genomes/Chlorocebus_sabaeus.fasta,Mammalia,/workspace-SR003.nfs2/estsoi/TSSprediction/GENA_LM/downstream_tasks/TSSprediction/data/chrom_files/Chlorocebus_sabaeus_train.csv,train,Chlorocebus_sabaeus
GCF_047675955.1,data/annotations/GCF_047675955.1_mChlSab1.0.hap1_genomic.gtf,data/genomes/Chlorocebus_sabaeus.fasta,Mammalia,data/chrom_files/Chlorocebus_sabaeus_valid.csv,valid,Chlorocebus_sabaeus
GCF_027887165.1,data/annotations/GCF_027887165.1_mMonDom1.pri_genomic.gtf,data/genomes/Monodelphis_domestica.fasta,Mammalia,/workspace-SR003.nfs2/estsoi/TSSprediction/GENA_LM/downstream_tasks/TSSprediction/data/chrom_files/Monodelphis_domestica_train.csv,train,Monodelphis_domestica
GCF_027887165.1,data/annotations/GCF_027887165.1_mMonDom1.pri_genomic.gtf,data/genomes/Monodelphis_domestica.fasta,Mammalia,data/chrom_files/Monodelphis_domestica_valid.csv,valid,Monodelphis_domestica
GCF_022379125.1,data/annotations/GCF_022379125.1_ASM2237912v1_genomic.gtf,data/genomes/Scophthalmus_maximus.fasta,Actinopteri,/workspace-SR003.nfs2/estsoi/TSSprediction/GENA_LM/downstream_tasks/TSSprediction/data/chrom_files/Scophthalmus_maximus_train.csv,train,Scophthalmus_maximus
GCF_022379125.1,data/annotations/GCF_022379125.1_ASM2237912v1_genomic.gtf,data/genomes/Scophthalmus_maximus.fasta,Actinopteri,data/chrom_files/Scophthalmus_maximus_valid.csv,valid,Scophthalmus_maximus
GCF_018812025.1,data/annotations/GCF_018812025.1_ASM1881202v1_genomic.gtf,data/genomes/Megalobrama_amblycephala.fasta,Actinopteri,/workspace-SR003.nfs2/estsoi/TSSprediction/GENA_LM/downstream_tasks/TSSprediction/data/chrom_files/Megalobrama_amblycephala_train.csv,train,Megalobrama_amblycephala
GCF_018812025.1,data/annotations/GCF_018812025.1_ASM1881202v1_genomic.gtf,data/genomes/Megalobrama_amblycephala.fasta,Actinopteri,data/chrom_files/Megalobrama_amblycephala_valid.csv,valid,Megalobrama_amblycephala
GCF_016772045.2,data/annotations/GCF_016772045.2_ARS-UI_Ramb_v3.0_genomic.gtf,data/genomes/Ovis_aries.fasta,Mammalia,/workspace-SR003.nfs2/estsoi/TSSprediction/GENA_LM/downstream_tasks/TSSprediction/data/chrom_files/Ovis_aries_train.csv,train,Ovis_aries
GCF_016772045.2,data/annotations/GCF_016772045.2_ARS-UI_Ramb_v3.0_genomic.gtf,data/genomes/Ovis_aries.fasta,Mammalia,data/chrom_files/Ovis_aries_valid.csv,valid,Ovis_aries
GCF_950295315.1,data/annotations/GCF_950295315.1_mEriEur2.1_genomic.gtf,data/genomes/Erinaceus_europaeus.fasta,Mammalia,/workspace-SR003.nfs2/estsoi/TSSprediction/GENA_LM/downstream_tasks/TSSprediction/data/chrom_files/Erinaceus_europaeus_train.csv,train,Erinaceus_europaeus
GCF_950295315.1,data/annotations/GCF_950295315.1_mEriEur2.1_genomic.gtf,data/genomes/Erinaceus_europaeus.fasta,Mammalia,data/chrom_files/Erinaceus_europaeus_valid.csv,valid,Erinaceus_europaeus
GCF_000004195.4,data/annotations/GCF_000004195.4_UCB_Xtro_10.0_genomic.gtf,data/genomes/Xenopus_tropicalis.fasta,Amphibia,/workspace-SR003.nfs2/estsoi/TSSprediction/GENA_LM/downstream_tasks/TSSprediction/data/chrom_files/Xenopus_tropicalis_train.csv,train,Xenopus_tropicalis
GCF_000004195.4,data/annotations/GCF_000004195.4_UCB_Xtro_10.0_genomic.gtf,data/genomes/Xenopus_tropicalis.fasta,Amphibia,data/chrom_files/Xenopus_tropicalis_valid.csv,valid,Xenopus_tropicalis
GCF_002263795.3,data/annotations/GCF_002263795.3_ARS-UCD2.0_genomic.gtf,data/genomes/Bos_taurus.fasta,Mammalia,/workspace-SR003.nfs2/estsoi/TSSprediction/GENA_LM/downstream_tasks/TSSprediction/data/chrom_files/Bos_taurus_train.csv,train,Bos_taurus
GCF_002263795.3,data/annotations/GCF_002263795.3_ARS-UCD2.0_genomic.gtf,data/genomes/Bos_taurus.fasta,Mammalia,data/chrom_files/Bos_taurus_valid.csv,valid,Bos_taurus
GCF_922984935.1,data/annotations/GCF_922984935.1_mMelMel3.1_paternal_haplotype_genomic.gtf,data/genomes/Meles_meles.fasta,Mammalia,/workspace-SR003.nfs2/estsoi/TSSprediction/GENA_LM/downstream_tasks/TSSprediction/data/chrom_files/Meles_meles_train.csv,train,Meles_meles
GCF_922984935.1,data/annotations/GCF_922984935.1_mMelMel3.1_paternal_haplotype_genomic.gtf,data/genomes/Meles_meles.fasta,Mammalia,data/chrom_files/Meles_meles_valid.csv,valid,Meles_meles
GCF_027574615.1,data/annotations/GCF_027574615.1_DD_ASM_mEF_20220401_genomic.gtf,data/genomes/Eptesicus_fuscus.fasta,Mammalia,/workspace-SR003.nfs2/estsoi/TSSprediction/GENA_LM/downstream_tasks/TSSprediction/data/chrom_files/Eptesicus_fuscus_train.csv,train,Eptesicus_fuscus
GCF_027574615.1,data/annotations/GCF_027574615.1_DD_ASM_mEF_20220401_genomic.gtf,data/genomes/Eptesicus_fuscus.fasta,Mammalia,data/chrom_files/Eptesicus_fuscus_valid.csv,valid,Eptesicus_fuscus
GCF_949628215.1,data/annotations/GCF_949628215.1_bGulAri2.1_genomic.gtf,data/genomes/Phalacrocorax_aristotelis.fasta,Aves,/workspace-SR003.nfs2/estsoi/TSSprediction/GENA_LM/downstream_tasks/TSSprediction/data/chrom_files/Phalacrocorax_aristotelis_train.csv,train,Phalacrocorax_aristotelis
GCF_949628215.1,data/annotations/GCF_949628215.1_bGulAri2.1_genomic.gtf,data/genomes/Phalacrocorax_aristotelis.fasta,Aves,data/chrom_files/Phalacrocorax_aristotelis_valid.csv,valid,Phalacrocorax_aristotelis
GCF_040869285.1,data/annotations/GCF_040869285.1_UKY_Mglu_1.0_genomic.gtf,data/genomes/Myxine_glutinosa.fasta,Myxini,/workspace-SR003.nfs2/estsoi/TSSprediction/GENA_LM/downstream_tasks/TSSprediction/data/chrom_files/Myxine_glutinosa_train.csv,train,Myxine_glutinosa
GCF_040869285.1,data/annotations/GCF_040869285.1_UKY_Mglu_1.0_genomic.gtf,data/genomes/Myxine_glutinosa.fasta,Myxini,data/chrom_files/Myxine_glutinosa_valid.csv,valid,Myxine_glutinosa
GCF_014851395.1,data/annotations/GCF_014851395.1_ASM1485139v1_genomic.gtf,data/genomes/Micropterus_salmoides.fasta,Actinopteri,/workspace-SR003.nfs2/estsoi/TSSprediction/GENA_LM/downstream_tasks/TSSprediction/data/chrom_files/Micropterus_salmoides_train.csv,train,Micropterus_salmoides
GCF_014851395.1,data/annotations/GCF_014851395.1_ASM1485139v1_genomic.gtf,data/genomes/Micropterus_salmoides.fasta,Actinopteri,data/chrom_files/Micropterus_salmoides_valid.csv,valid,Micropterus_salmoides
GCF_001858045.2,data/annotations/GCF_001858045.2_O_niloticus_UMD_NMBU_genomic.gtf,data/genomes/Oreochromis_niloticus.fasta,Actinopteri,/workspace-SR003.nfs2/estsoi/TSSprediction/GENA_LM/downstream_tasks/TSSprediction/data/chrom_files/Oreochromis_niloticus_train.csv,train,Oreochromis_niloticus
GCF_001858045.2,data/annotations/GCF_001858045.2_O_niloticus_UMD_NMBU_genomic.gtf,data/genomes/Oreochromis_niloticus.fasta,Actinopteri,data/chrom_files/Oreochromis_niloticus_valid.csv,valid,Oreochromis_niloticus
GCF_019923935.1,data/annotations/GCF_019923935.1_NDDB_SH_1_genomic.gtf,data/genomes/Bubalus_bubalis.fasta,Mammalia,/workspace-SR003.nfs2/estsoi/TSSprediction/GENA_LM/downstream_tasks/TSSprediction/data/chrom_files/Bubalus_bubalis_train.csv,train,Bubalus_bubalis
GCF_019923935.1,data/annotations/GCF_019923935.1_NDDB_SH_1_genomic.gtf,data/genomes/Bubalus_bubalis.fasta,Mammalia,data/chrom_files/Bubalus_bubalis_valid.csv,valid,Bubalus_bubalis
GCF_013265735.2,data/annotations/GCF_013265735.2_USDA_OmykA_1.1_genomic.gtf,data/genomes/Oncorhynchus_mykiss.fasta,Actinopteri,/workspace-SR003.nfs2/estsoi/TSSprediction/GENA_LM/downstream_tasks/TSSprediction/data/chrom_files/Oncorhynchus_mykiss_train.csv,train,Oncorhynchus_mykiss
GCF_013265735.2,data/annotations/GCF_013265735.2_USDA_OmykA_1.1_genomic.gtf,data/genomes/Oncorhynchus_mykiss.fasta,Actinopteri,data/chrom_files/Oncorhynchus_mykiss_valid.csv,valid,Oncorhynchus_mykiss
GCF_012274545.1,data/annotations/GCF_012274545.1_DMR_v1.0_HiC_genomic.gtf,data/genomes/Fukomys_damarensis.fasta,Mammalia,/workspace-SR003.nfs2/estsoi/TSSprediction/GENA_LM/downstream_tasks/TSSprediction/data/chrom_files/Fukomys_damarensis_train.csv,train,Fukomys_damarensis
GCF_012274545.1,data/annotations/GCF_012274545.1_DMR_v1.0_HiC_genomic.gtf,data/genomes/Fukomys_damarensis.fasta,Mammalia,data/chrom_files/Fukomys_damarensis_valid.csv,valid,Fukomys_damarensis
GCF_900880675.1,data/annotations/GCF_900880675.1_fSpaAur1.1_genomic.gtf,data/genomes/Sparus_aurata.fasta,Actinopteri,/workspace-SR003.nfs2/estsoi/TSSprediction/GENA_LM/downstream_tasks/TSSprediction/data/chrom_files/Sparus_aurata_train.csv,train,Sparus_aurata
GCF_900880675.1,data/annotations/GCF_900880675.1_fSpaAur1.1_genomic.gtf,data/genomes/Sparus_aurata.fasta,Actinopteri,data/chrom_files/Sparus_aurata_valid.csv,valid,Sparus_aurata
GCF_963082965.1,data/annotations/GCF_963082965.1_fCarCar2.1_genomic.gtf,data/genomes/Carassius_carassius.fasta,Actinopteri,/workspace-SR003.nfs2/estsoi/TSSprediction/GENA_LM/downstream_tasks/TSSprediction/data/chrom_files/Carassius_carassius_train.csv,train,Carassius_carassius
GCF_963082965.1,data/annotations/GCF_963082965.1_fCarCar2.1_genomic.gtf,data/genomes/Carassius_carassius.fasta,Actinopteri,data/chrom_files/Carassius_carassius_valid.csv,valid,Carassius_carassius
GCF_022376915.1,data/annotations/GCF_022376915.1_ASM2237691v1_genomic.gtf,data/genomes/Moschus_berezovskii.fasta,Mammalia,/workspace-SR003.nfs2/estsoi/TSSprediction/GENA_LM/downstream_tasks/TSSprediction/data/chrom_files/Moschus_berezovskii_train.csv,train,Moschus_berezovskii
GCF_022376915.1,data/annotations/GCF_022376915.1_ASM2237691v1_genomic.gtf,data/genomes/Moschus_berezovskii.fasta,Mammalia,data/chrom_files/Moschus_berezovskii_valid.csv,valid,Moschus_berezovskii
GCF_964195595.1,data/annotations/GCF_964195595.1_bCalBor7.hap1.2_genomic.gtf,data/genomes/Calonectris_borealis.fasta,Aves,/workspace-SR003.nfs2/estsoi/TSSprediction/GENA_LM/downstream_tasks/TSSprediction/data/chrom_files/Calonectris_borealis_train.csv,train,Calonectris_borealis
GCF_964195595.1,data/annotations/GCF_964195595.1_bCalBor7.hap1.2_genomic.gtf,data/genomes/Calonectris_borealis.fasta,Aves,data/chrom_files/Calonectris_borealis_valid.csv,valid,Calonectris_borealis
GCF_036562045.2,data/annotations/GCF_036562045.2_ASM3656204v1_genomic.gtf,data/genomes/Rhinolophus_sinicus.fasta,Mammalia,/workspace-SR003.nfs2/estsoi/TSSprediction/GENA_LM/downstream_tasks/TSSprediction/data/chrom_files/Rhinolophus_sinicus_train.csv,train,Rhinolophus_sinicus
GCF_036562045.2,data/annotations/GCF_036562045.2_ASM3656204v1_genomic.gtf,data/genomes/Rhinolophus_sinicus.fasta,Mammalia,data/chrom_files/Rhinolophus_sinicus_valid.csv,valid,Rhinolophus_sinicus
GCF_041296265.1,data/annotations/GCF_041296265.1_TB-T2T_genomic.gtf,data/genomes/Equus_caballus.fasta,Mammalia,/workspace-SR003.nfs2/estsoi/TSSprediction/GENA_LM/downstream_tasks/TSSprediction/data/chrom_files/Equus_caballus_train.csv,train,Equus_caballus
GCF_041296265.1,data/annotations/GCF_041296265.1_TB-T2T_genomic.gtf,data/genomes/Equus_caballus.fasta,Mammalia,data/chrom_files/Equus_caballus_valid.csv,valid,Equus_caballus
